hh_ID,door_screens,house_type,concrete_house,water_supply_by_pipe,garbage_management,n_toilets_outside
1,0,Single,1,Unknown,Car,0
2,0,Single,1,1,Burn,0
3,0,Poles,0,Unknown,Burn,1
4,1,Single,1,1,Car,0
5,0,Single,0,Unknown,Car,0
6,0,Single,1,1,Car,0
7,0,Single,1,1,Burn,0
8,0,Single,1,1,Car,1
9,0,Single,1,1,Burn,0
10,0,Poles,0,1,Car,0
11,0,Single,1,1,Car,0
12,0,Single,1,1,Burn,0
13,1,Single,1,1,Car,0
14,0,Poles,0,1,Burn,1
15,0,Single,1,1,Burn,0
16,0,Poles,0,1,Car,1
17,0,Single,1,1,Burn,0
18,1,Townhouse,1,1,Car,1
19,0,Single,1,Unknown,Burn,0
20,0,Single,1,1,Burn,0
21,0,Single,1,Unknown,Car,0
22,0,Single,1,1,Burn,1
23,1,Single,1,1,Burn,0
24,1,Townhouse,1,1,Dump,0
25,0,Townhouse,1,Unknown,Car,0
26,0,Single,1,Unknown,Car,0
27,0,Poles,0,1,Burn,1
28,0,Poles,0,1,Burn,0
29,0,Poles,0,1,Burn,1
30,1,Single,1,1,Car,0
31,0,Single,1,Unknown,Dump,3
32,0,Single,0,Unknown,Car,0
33,0,Single,1,1,Burn,0
34,0,Single,1,1,Car,1
35,0,Single,1,1,Car,0
36,0,Single,1,1,Car,1
37,0,Single,1,1,Car,0
38,0,Single,1,1,Burn,0
39,0,Poles,1,1,Burn,2
40,0,Single,1,1,Car,1
41,0,Single,0,1,Car,0
42,0,Single,1,1,Burn,0
43,1,Single,1,1,Car,0
44,0,Single,1,1,Car,0
45,1,Single,1,1,Car,0
46,0,Poles,0,Unknown,Burn,2
47,1,Single,1,1,Car,0
48,0,Poles,1,1,Car,0
49,1,Single,1,1,Car,0
50,1,Single,1,1,Burn,0
51,1,Single,1,1,Car,0
52,0,Poles,0,1,Burn,1
53,0,Poles,0,1,Car,1
54,0,Poles,0,1,Burn,1
55,0,Single,1,1,Car,0
56,1,Single,1,1,Burn,1
57,1,Poles,1,1,Burn,0
58,1,Townhouse,1,1,Car,0
59,0,Single,1,1,Car,0
60,1,Single,1,1,Car,0
61,1,Single,1,1,Car,1
62,0,Single,1,1,Car,0
63,0,Single,1,0,Car,0
64,1,Single,1,1,Car,0
65,0,Single,1,1,Car,0
66,0,Single,1,1,Car,1
67,1,Single,1,1,Car,0
68,0,Single,1,1,Dump,0
69,0,Single,0,Unknown,Car,0
70,1,Single,1,Unknown,Car,0
71,0,Single,0,Unknown,Car,0
72,0,Single,1,1,Burn,1
73,0,Single,1,1,Burn,0
74,0,Townhouse,1,1,Car,0
75,1,Single,1,1,Dump,1
76,1,Single,1,1,Dump,0
77,1,Single,1,1,Dump,1
78,1,Single,1,1,Dump,0
79,1,Single,1,1,Dump,1
80,1,Single,1,1,Dump,0
81,0,Single,1,Unknown,Dump,0
82,1,Single,1,1,Dump,0
83,0,Single,1,1,Dump,1
84,1,Single,1,1,Dump,0
85,0,Single,1,1,Burn,0
86,0,Single,1,1,Burn,1
87,0,Single,1,1,Car,1
88,0,Single,1,Unknown,Burn,1
89,0,Single,1,Unknown,Burn,0
90,0,Single,1,1,Car,1
91,0,Single,1,1,Burn,1
92,0,Poles,0,1,Burn,1
93,0,Single,1,1,Car,1
94,0,Single,1,Unknown,Car,0
95,0,Single,1,1,Car,1
96,1,Single,1,1,Burn,0
97,0,Single,1,1,Burn,1
98,0,Single,1,1,Car,1
99,0,Poles,0,1,Car,2
100,0,Single,1,1,Car,1
101,1,Single,1,1,Car,1
102,1,Townhouse,1,1,Car,0
103,1,Single,1,1,Car,1
104,0,Single,1,1,Car,0
105,0,Single,1,Unknown,Burn,0
106,0,Single,1,Unknown,Burn,1
107,0,Poles,1,1,Burn,1
108,0,Single,1,1,Car,1
109,0,Single,1,1,Burn,1
110,0,Single,1,1,Burn,0
111,0,Single,0,1,Car,1
112,0,Single,1,1,Car,1
113,0,Single,1,Unknown,Car,0
114,0,Poles,0,1,Car,1
115,0,Single,1,1,Car,1
116,0,Poles,0,1,Burn,1
117,0,Single,0,1,Burn,1
118,1,Single,1,1,Burn,0
119,0,Poles,0,1,Burn,1
120,0,Single,1,1,Car,0
121,1,Poles,1,1,Car,1
122,0,Single,1,1,Car,0
123,0,Single,1,1,Dump,0
124,0,Single,1,1,Car,0
125,0,Single,1,1,Burn,0
126,0,Single,0,1,Burn,1
127,1,Single,1,1,Car,0
128,0,Poles,0,1,Car,1
129,1,Single,1,1,Car,0
130,0,Single,1,1,Car,1
131,1,Single,1,1,Car,1
132,0,Single,0,1,Car,0
133,1,Single,1,1,Car,1
134,0,Single,0,1,Car,0
135,0,Single,1,Unknown,Burn,1
136,0,Single,1,1,Burn,2
137,0,Poles,0,1,Burn,1
138,0,Single,1,1,Burn,0
139,0,Poles,0,1,Burn,0
140,0,Single,1,1,Burn,1
141,1,Single,1,1,Car,0
142,0,Poles,0,1,Burn,1
143,0,Poles,0,1,Burn,0
144,0,Poles,0,1,Burn,1
145,0,Poles,0,1,Burn,0
146,0,Single,1,1,Car,1
147,0,Single,1,1,Car,0
148,0,Single,0,1,Burn,1
149,0,Single,1,1,Burn,0
150,0,Single,0,1,Burn,1
151,0,Single,1,1,Burn,0
152,0,Single,0,1,Burn,1
153,0,Single,1,1,Burn,1
154,0,Poles,1,1,Car,0
155,0,Single,1,1,Car,0
156,0,Single,1,1,Burn,1
157,1,Townhouse,1,1,Car,1
158,1,Townhouse,1,1,Car,0
159,1,Townhouse,1,1,Car,1
160,1,Townhouse,1,1,Car,0
161,0,Poles,0,Unknown,Burn,1
162,0,Single,0,1,Car,2
163,0,Single,1,1,Car,0
164,1,Single,1,Unknown,Burn,0
165,0,Single,1,Unknown,Burn,0
166,0,Poles,1,Unknown,Burn,1
167,0,Single,1,1,Burn,0
168,0,Poles,1,1,Car,0
169,0,Single,1,1,Car,0
170,0,Poles,1,1,Car,0
171,0,Single,1,1,Burn,1
172,0,Single,1,1,Car,0
173,1,Single,1,1,Car,1
174,0,Single,1,1,Burn,0
175,0,Single,1,1,Burn,1
176,1,Poles,1,1,Car,1
177,0,Single,1,1,Burn,1
178,0,Single,1,1,Dump,1
179,0,Poles,0,1,Dump,0
180,0,Single,1,Unknown,Dump,0
181,0,Single,1,Unknown,Burn,1
182,0,Single,1,1,Car,1
183,0,Poles,0,1,Car,1
184,0,Single,1,1,Burn,0
185,0,Single,1,1,Burn,1
186,0,Single,0,1,Burn,1
187,0,Single,0,1,Burn,0
188,0,Single,1,1,Car,0
189,1,Single,1,1,Car,0
190,0,Single,1,1,Burn,0
191,1,Single,1,1,Burn,0
192,0,Single,1,1,Car,1
193,0,Single,1,1,Burn,1
194,0,Single,1,1,Car,0
195,0,Single,0,Unknown,Car,1
196,0,Single,0,1,Burn,1
197,0,Single,1,1,Burn,1
198,0,Single,1,1,Burn,0
199,0,Poles,0,1,Burn,1
200,0,Single,1,1,Burn,0
201,0,Poles,0,1,Burn,1
202,0,Single,1,1,Burn,1
203,0,Poles,1,1,Car,1
204,0,Single,0,1,Car,1
205,0,Single,1,1,Car,0
206,0,Single,1,1,Car,1
207,1,Single,1,1,Car,1
208,0,Single,0,1,Car,1
209,0,Single,1,1,Dump,1
210,1,Single,1,1,Car,0
211,0,Single,1,1,Burn,0
212,0,Single,1,1,Burn,1
213,0,Single,1,1,Car,0
214,1,Single,1,1,Car,0
215,0,Single,1,1,Car,1
216,0,Single,1,1,Burn,1
217,0,Single,0,1,Car,0
218,1,Single,1,1,Car,0
219,1,Single,1,1,Burn,1
220,0,Poles,0,1,Car,1
221,1,Single,1,1,Burn,1
222,0,Poles,0,1,Car,1
223,1,Single,1,1,Burn,0
224,0,Single,1,1,Burn,0
225,1,Single,1,1,Burn,1
226,0,Single,1,1,Burn,0
227,0,Single,1,Unknown,Dump,0
228,0,Single,1,Unknown,Dump,1
229,0,Single,1,Unknown,Dump,0
230,0,Single,1,Unknown,Dump,1
231,0,Poles,1,Unknown,Dump,1
232,0,Poles,0,1,Burn,1
233,0,Single,1,1,Burn,0
234,0,Poles,0,1,Burn,1
235,0,Single,1,1,Burn,0
236,0,Poles,0,1,Burn,0
237,1,Single,1,1,Burn,1
238,0,Poles,0,1,Burn,0
239,0,Poles,0,1,Burn,1
240,0,Poles,0,1,Burn,0
241,0,Poles,1,1,Burn,1
242,1,Poles,1,1,Burn,1
243,0,Poles,1,1,Burn,1
244,0,Single,1,1,Burn,1
245,0,Poles,1,1,Burn,1
246,0,Single,1,1,Burn,1
247,0,Poles,1,1,Burn,1
248,0,Single,1,1,Car,0
249,0,Poles,1,1,Burn,1
250,0,Single,1,1,Car,1
251,0,Single,0,1,Car,0
252,0,Poles,1,1,Car,1
253,0,Single,1,1,Burn,0
254,0,Single,1,1,Burn,1
255,0,Poles,0,1,Burn,1
256,0,Single,1,1,Burn,0
257,0,Single,1,Unknown,Car,0
258,1,Single,1,1,Burn,0
259,1,Single,1,1,Car,1
260,0,Single,1,1,Burn,0
261,0,Single,1,1,Burn,1
262,0,Single,1,Unknown,Burn,0
263,0,Poles,0,Unknown,Burn,1
264,0,Single,1,Unknown,Burn,0
265,0,Poles,0,Unknown,Burn,1
266,0,Single,1,Unknown,Burn,1
267,0,Poles,0,Unknown,Burn,1
268,0,Single,1,1,Burn,0
269,1,Single,1,1,Car,0
270,0,Single,1,1,Car,0
271,0,Single,0,1,Burn,2
272,0,Single,0,1,Burn,0
273,0,Single,1,1,Burn,0
274,1,Single,1,1,Burn,1
275,1,Townhouse,1,1,Car,0
276,1,Townhouse,1,1,Dump,0
277,0,Single,1,1,Burn,1
278,0,Poles,0,1,Car,1
279,0,Poles,1,1,Car,0
280,0,Single,1,1,Car,0
281,0,Poles,0,1,Car,1
282,0,Single,0,1,Car,1
283,0,Single,1,1,Car,1
284,0,Poles,0,1,Car,1
285,0,Single,1,1,Car,1
286,0,Poles,0,1,Car,1
287,0,Poles,1,1,Car,0
288,0,Single,1,1,Car,0
289,0,Single,1,Unknown,Burn,1
290,0,Single,1,Unknown,Car,1
291,0,Poles,0,1,Car,1
292,0,Single,1,1,Car,0
293,1,Single,1,1,Car,0
294,0,Poles,0,1,Burn,1
295,0,Single,1,1,Burn,1
296,0,Poles,0,1,Burn,1
297,0,Single,1,1,Burn,1
298,1,Poles,1,1,Car,0
299,0,Single,0,1,Car,1
300,1,Single,1,1,Car,0
301,0,Single,1,1,Burn,0
302,0,Townhouse,1,1,Car,0
303,0,Single,1,1,Car,0
304,0,Single,1,Unknown,Burn,0
305,0,Single,1,1,Car,0
306,0,Poles,0,1,Car,1
307,0,Single,1,1,Car,0
308,0,Poles,0,1,Car,1
309,0,Single,1,1,Burn,0
310,1,Single,1,1,Burn,2
311,0,Poles,0,1,Car,2
312,1,Single,1,1,Car,1
313,0,Poles,0,0,Burn,1
314,0,Single,1,0,Burn,0
315,0,Single,1,1,Burn,0
316,1,Single,1,1,Burn,1
317,0,Single,1,1,Burn,0
318,0,Poles,1,1,Burn,1
319,0,Single,1,1,Burn,0
320,0,Single,1,1,Car,0
321,0,Poles,0,1,Burn,0
322,0,Single,1,1,Burn,0
323,0,Poles,0,1,Burn,1
324,0,Single,1,1,Burn,0
325,0,Single,0,1,Burn,2
326,0,Single,1,1,Burn,2
327,0,Single,1,1,Burn,0
328,1,Townhouse,1,1,Car,0
329,0,Poles,0,1,Car,0
330,0,Single,1,1,Car,1
331,1,Single,1,1,Burn,1
332,0,Single,1,1,Burn,1
333,1,Poles,1,1,Burn,1
334,0,Single,1,Unknown,Burn,2
335,0,Poles,1,1,Car,0
336,0,Single,0,1,Car,0
337,0,Single,1,1,Burn,1
338,1,Single,1,1,Burn,0
339,0,Single,1,1,Burn,1
340,0,Single,1,1,Burn,0
341,1,Single,1,1,Burn,0
342,0,Single,1,1,Burn,0
343,1,Single,1,1,Burn,0
344,0,Single,1,1,Burn,0
345,0,Single,1,Unknown,Burn,1
346,0,Single,1,1,Burn,0
347,0,Poles,0,1,Burn,0
348,0,Single,1,1,Burn,0
349,0,Poles,0,1,Burn,0
350,0,Single,1,1,Burn,0
351,0,Poles,0,1,Burn,0
352,0,Poles,0,1,Burn,1
353,0,Poles,1,1,Burn,1
354,0,Poles,0,1,Burn,1
355,0,Single,1,1,Burn,0
356,0,Single,1,1,Dump,0
357,1,Single,1,1,Car,0
358,0,Single,1,1,Car,0
359,0,Poles,0,1,Burn,1
360,0,Single,1,1,Burn,0
361,0,Poles,0,1,Car,0
362,0,Poles,0,1,Dump,1
363,0,Poles,1,1,Car,0
364,1,Single,1,1,Car,0
365,0,Single,1,1,Burn,0
366,0,Single,0,1,Burn,0
367,1,Poles,1,1,Burn,2
368,0,Single,1,1,Burn,1
369,1,Townhouse,1,1,Car,0
370,0,Single,1,1,Car,0
371,1,Single,1,1,Burn,0
372,0,Single,1,1,Burn,0
373,1,Single,1,1,Burn,0
374,0,Single,1,1,Burn,0
375,0,Single,1,1,Car,0
376,0,Single,1,1,Burn,2
377,0,Single,1,1,Burn,0
378,0,Single,1,1,Burn,2
379,0,Single,1,1,Burn,0
380,0,Single,1,1,Car,0
381,0,Single,1,1,Car,1
382,0,Single,1,1,Burn,1
383,1,Single,1,1,Burn,0
384,0,Single,1,1,Dump,0
385,0,Single,1,1,Car,0
386,1,Single,1,1,Car,0
387,0,Single,1,1,Car,0
388,1,Single,1,1,Car,0
389,0,Single,1,1,Car,0
390,1,Single,1,1,Car,0
391,0,Single,0,1,Car,0
392,1,Single,1,1,Car,0
393,0,Poles,1,1,Car,1
394,0,Single,1,1,Car,0
395,0,Single,1,1,Car,2
396,0,Single,1,1,Burn,0
397,0,Single,1,1,Car,0
398,1,Single,1,1,Car,1
399,0,Single,1,Unknown,Burn,1
400,0,Single,1,1,Car,0
401,0,Townhouse,1,1,Car,0
402,0,Poles,0,1,Burn,0
403,1,Single,1,1,Car,0
404,0,Single,1,1,Car,1
405,0,Single,1,1,Car,0
406,0,Single,0,1,Car,1
407,1,Single,1,1,Car,0
408,0,Single,1,1,Car,0
409,0,Single,1,1,Burn,0
410,0,Single,0,1,Burn,1
411,0,Single,1,1,Burn,1
412,0,Poles,0,1,Burn,1
413,0,Single,1,1,Car,0
414,0,Single,0,1,Burn,0
415,0,Single,0,1,Car,1
416,0,Single,1,1,Dump,1
417,0,Single,1,1,Burn,0
418,1,Single,1,1,Car,0
419,0,Townhouse,1,1,Car,0
420,0,Poles,0,1,Dump,0
421,0,Single,1,1,Burn,2
422,1,Single,1,Unknown,Burn,1
423,0,Single,1,1,Burn,0
424,0,Single,0,1,Burn,1
425,0,Single,1,1,Burn,0
426,0,Single,1,1,Car,0
427,0,Single,1,Unknown,Burn,2
428,0,Poles,1,1,Burn,0
429,1,Single,1,1,Car,0
430,0,Single,1,1,Car,0
431,0,Poles,0,1,Car,1
432,0,Single,1,1,Burn,1
433,0,Single,1,1,Dump,0
434,1,Townhouse,1,1,Car,0
435,1,Single,1,1,Car,0
436,0,Single,1,1,Car,0
437,1,Single,1,1,Car,0
438,0,Single,1,1,Car,0
439,1,Single,1,1,Car,0
440,0,Single,1,1,Car,0
441,0,Single,1,1,Car,1
442,0,Townhouse,1,1,Car,0
443,0,Poles,0,1,Car,0
444,0,Townhouse,1,1,Car,0
445,0,Poles,0,1,Car,0
446,0,Single,1,1,Car,1
447,1,Single,0,1,Burn,0
448,0,Single,1,1,Burn,0
449,0,Poles,0,1,Burn,1
450,0,Single,1,1,Burn,0
451,0,Poles,0,1,Burn,1
452,0,Single,1,1,Car,0
453,0,Single,0,Unknown,Burn,1
454,0,Single,0,1,Burn,2
455,0,Single,1,1,Car,0
456,1,Single,1,1,Car,0
457,0,Single,0,Unknown,Burn,0
458,0,Single,1,1,Burn,0
459,0,Single,0,1,Car,0
460,0,Single,1,1,Car,0
461,0,Single,1,1,Car,2
462,0,Poles,1,1,Dump,0
463,0,Single,1,1,Car,0
464,0,Poles,1,1,Dump,0
465,0,Single,1,1,Car,0
466,0,Poles,0,1,Car,1
467,0,Single,1,1,Car,1
468,0,Single,1,1,Car,0
469,0,Single,1,1,Car,1
470,0,Single,1,1,Car,0
471,0,Poles,1,1,Burn,0
472,0,Single,1,1,Dump,0
473,1,Single,1,1,Dump,0
474,0,Single,1,1,Car,0
475,1,Single,1,1,Car,0
476,0,Single,1,1,Burn,0
477,0,Single,0,1,Dump,0
478,0,Single,1,1,Dump,1
479,0,Single,1,1,Burn,0
480,0,Poles,0,1,Burn,1
481,1,Single,1,1,Burn,0
482,0,Single,1,1,Dump,0
483,0,Single,0,1,Dump,0
484,0,Poles,0,1,Burn,1
485,1,Single,1,1,Burn,0
486,0,Single,1,1,Car,0
487,0,Single,1,1,Car,2
488,0,Single,1,1,Car,0
489,1,Single,1,1,Car,0
490,0,Single,1,1,Burn,0
491,0,Single,1,1,Burn,1
492,0,Single,1,Unknown,Burn,1
493,0,Single,0,1,Burn,0
494,1,Single,1,1,Burn,0
495,0,Single,1,1,Car,0
496,0,Single,1,1,Car,1
497,1,Single,1,1,Car,1
498,1,Single,1,1,Car,0
499,0,Single,1,1,Car,0
500,0,Poles,1,1,Burn,0
501,0,Single,1,1,Burn,0
502,0,Poles,1,1,Burn,0
503,0,Poles,0,1,Car,0
504,0,Poles,1,1,Burn,0
505,0,Single,1,Unknown,Burn,0
506,1,Single,1,1,Dump,0
507,0,Poles,0,1,Burn,0
508,0,Poles,1,1,Burn,0
509,0,Single,0,1,Burn,1
510,0,Single,1,1,Burn,0
511,0,Single,0,1,Burn,1
512,0,Single,1,1,Burn,0
513,0,Single,1,1,Burn,2
514,1,Single,1,1,Burn,0
515,0,Single,1,1,Car,0
516,1,Single,1,1,Car,0
517,0,Poles,1,1,Car,0
518,1,Single,1,1,Car,0
519,0,Poles,1,1,Car,0
520,1,Townhouse,1,1,Car,0
521,0,Single,1,1,Burn,0
522,0,Poles,0,1,Burn,1
523,1,Single,1,1,Burn,0
524,0,Single,0,1,Burn,1
525,0,Single,0,1,Burn,0
526,0,Single,1,1,Burn,0
527,1,Single,1,Unknown,Burn,2
528,0,Single,1,1,Car,0
529,0,Single,1,1,Burn,0
530,0,Single,0,1,Burn,1
531,0,Single,1,1,Burn,0
532,0,Poles,0,1,Burn,0
533,0,Single,0,1,Car,0
534,0,Single,1,1,Burn,0
535,0,Single,1,1,Burn,1
536,0,Single,0,1,Burn,1
537,0,Single,1,1,Burn,1
538,0,Single,0,1,Burn,1
539,0,Single,1,Unknown,Burn,0
540,0,Single,1,1,Burn,0
541,0,Poles,0,1,Burn,0
542,0,Single,0,1,Burn,0
543,1,Single,1,1,Burn,0
544,0,Single,1,1,Burn,0
545,0,Single,1,1,Car,1
546,0,Single,0,1,Car,1
547,1,Single,1,1,Dump,0
548,0,Single,1,Unknown,Car,0
549,0,Single,1,1,Burn,0
550,0,Single,0,Unknown,Burn,1
551,0,Single,1,Unknown,Burn,3
552,0,Townhouse,1,1,Car,0
553,0,Single,1,1,Burn,0
554,0,Single,0,1,Burn,1
555,0,Single,0,1,Burn,0
556,0,Single,1,1,Car,0
557,1,Single,1,1,Burn,0
558,0,Single,1,Unknown,Burn,0
559,0,Poles,1,Unknown,Burn,0
560,0,Townhouse,1,1,Car,0
561,1,Single,1,1,Car,1
562,0,Poles,1,1,Car,1
563,0,Single,1,1,Burn,0
564,0,Poles,0,1,Burn,1
565,0,Single,1,1,Burn,1
566,0,Poles,0,1,Burn,1
567,0,Single,1,1,Burn,1
568,1,Single,1,1,Burn,0
569,0,Single,0,1,Burn,0
570,1,Single,1,1,Burn,0
571,0,Poles,0,1,Burn,1
572,0,Single,1,1,Burn,1
573,0,Poles,0,1,Burn,1
574,0,Single,1,1,Burn,1
575,0,Single,1,1,Car,0
576,0,Single,0,1,Car,0
577,0,Single,0,1,Car,1
578,0,Single,0,1,Burn,0
579,0,Single,0,1,Car,1
580,0,Single,1,1,Car,0
581,0,Poles,0,1,Car,2
582,0,Single,1,1,Burn,0
583,0,Single,1,1,Burn,1
584,0,Poles,0,1,Burn,0
585,0,Poles,0,1,Car,1
586,0,Single,1,1,Car,0
587,0,Poles,0,1,Car,1
588,0,Single,1,1,Car,0
589,0,Poles,0,1,Car,1
590,1,Single,1,1,Car,0
591,0,Single,1,1,Car,0
592,1,Single,1,1,Car,0
593,0,Single,1,1,Car,0
594,1,Single,1,1,Car,0
595,0,Single,0,1,Burn,0
596,0,Single,1,1,Car,0
597,0,Townhouse,1,1,Car,1
598,1,Poles,1,1,Car,1
599,1,Single,1,1,Car,0
600,0,Single,1,1,Dump,0
601,1,Poles,1,1,Car,1
602,0,Single,0,1,Car,0
603,0,Single,0,1,Car,1
604,0,Single,0,1,Car,0
605,0,Single,0,1,Car,1
606,0,Single,1,1,Car,1
607,0,Single,1,1,Car,0
608,0,Single,0,1,Dump,1
609,0,Poles,0,1,Burn,2
610,0,Single,1,1,Burn,0
611,0,Poles,0,1,Burn,2
612,0,Single,1,1,Burn,0
613,0,Single,1,1,Burn,1
614,0,Single,1,1,Burn,0
615,0,Poles,1,1,Car,0
616,0,Single,0,1,Burn,0
617,0,Single,1,1,Car,0
618,0,Single,1,1,Burn,0
619,0,Single,1,1,Burn,2
620,0,Single,1,1,Burn,0
621,0,Single,1,1,Car,0
622,0,Single,0,1,Car,1
623,0,Single,0,1,Car,0
624,0,Single,0,1,Car,1
625,0,Single,1,1,Dump,0
626,0,Single,1,1,Burn,0
627,0,Single,1,1,Car,1
628,1,Single,1,1,Car,0
629,0,Single,1,1,Burn,2
630,0,Single,1,1,Car,1
631,1,Single,1,1,Car,1
632,0,Townhouse,1,1,Car,0
633,0,Poles,0,1,Car,0
634,1,Single,1,1,Car,2
635,0,Poles,0,1,Car,1
636,0,Poles,1,Unknown,Car,0
637,0,Single,1,Unknown,Burn,0
638,0,Poles,1,Unknown,Car,0
639,0,Poles,0,1,Burn,1
640,0,Single,1,1,Car,0
641,0,Single,0,Unknown,Dump,0
642,1,Single,1,1,Car,0
643,0,Poles,0,1,Burn,1
644,0,Single,1,1,Burn,1
645,0,Single,1,1,Car,1
646,0,Poles,0,1,Car,0
647,1,Single,1,1,Burn,0
648,0,Single,1,1,Burn,0
649,0,Single,0,1,Burn,1
650,0,Single,1,1,Burn,0
651,0,Single,1,Unknown,Car,0
652,1,Single,1,1,Car,0
653,0,Single,1,1,Burn,0
654,0,Single,1,1,Car,0
655,0,Single,1,1,Burn,0
656,1,Single,1,1,Car,0
657,0,Single,1,1,Burn,0
658,0,Poles,0,1,Car,1
659,0,Single,1,1,Burn,0
660,0,Single,1,Unknown,Car,0
661,1,Townhouse,1,1,Dump,0
662,0,Townhouse,1,Unknown,Car,0
663,0,Poles,0,1,Burn,0
664,0,Poles,0,1,Burn,1
665,0,Single,1,Unknown,Dump,3
666,0,Single,1,1,Burn,0
667,0,Poles,1,1,Burn,2
668,0,Single,1,1,Car,1
669,0,Single,0,1,Car,0
670,1,Single,1,1,Car,0
671,0,Poles,1,1,Car,0
672,0,Poles,0,1,Burn,1
673,0,Single,1,1,Car,0
674,1,Poles,1,1,Burn,0
675,0,Single,1,1,Car,0
676,1,Single,1,1,Car,0
677,1,Single,1,1,Car,1
678,0,Single,1,1,Car,0
679,0,Single,0,Unknown,Car,0
680,1,Single,1,Unknown,Car,0
681,0,Single,0,Unknown,Car,0
682,0,Single,1,1,Burn,1
683,0,Single,1,1,Burn,0
684,1,Single,1,1,Dump,0
685,0,Single,1,Unknown,Dump,0
686,0,Single,1,1,Burn,0
687,0,Single,1,1,Burn,1
688,0,Single,1,1,Car,1
689,0,Single,1,Unknown,Car,0
690,1,Single,1,1,Burn,0
691,0,Single,1,1,Car,1
692,0,Poles,0,1,Car,2
693,0,Single,1,1,Car,1
694,0,Single,1,Unknown,Burn,0
695,0,Single,1,Unknown,Burn,1
696,0,Single,1,1,Car,1
697,0,Single,1,1,Burn,1
698,0,Single,1,1,Burn,0
699,0,Poles,0,1,Car,1
700,1,Single,1,1,Burn,0
701,0,Poles,0,1,Burn,1
702,0,Single,1,1,Car,0
703,1,Poles,1,1,Car,1
704,0,Single,1,1,Car,0
705,0,Single,1,1,Burn,0
706,0,Single,0,1,Burn,1
707,1,Single,1,1,Car,0
708,0,Poles,0,1,Car,1
709,1,Single,1,1,Car,0
710,0,Single,0,1,Car,0
711,0,Single,1,Unknown,Burn,1
712,0,Single,1,1,Burn,2
713,0,Poles,0,1,Burn,1
714,0,Single,1,1,Burn,0
715,1,Single,1,1,Car,0
716,0,Single,1,1,Car,1
717,0,Single,0,1,Burn,1
718,0,Single,1,1,Burn,1
719,0,Poles,1,1,Car,0
720,0,Single,1,1,Burn,1
721,1,Townhouse,1,1,Car,1
722,1,Townhouse,1,1,Car,0
723,0,Single,0,1,Car,2
724,1,Single,1,Unknown,Burn,0
725,0,Single,1,Unknown,Burn,0
726,0,Poles,1,Unknown,Burn,1
727,0,Single,1,1,Burn,0
728,0,Single,1,1,Burn,1
729,0,Single,1,1,Car,0
730,1,Single,1,1,Car,1
731,0,Single,1,1,Burn,0
732,1,Poles,1,1,Car,1
733,0,Single,1,1,Burn,1
734,0,Single,1,Unknown,Burn,1
735,0,Poles,0,1,Car,1
736,0,Single,1,1,Burn,0
737,0,Single,0,1,Burn,1
738,0,Single,0,1,Burn,0
739,0,Single,1,1,Car,0
740,1,Single,1,1,Car,0
741,0,Single,1,1,Burn,0
742,0,Single,1,1,Burn,1
743,0,Single,1,1,Car,0
744,0,Single,0,Unknown,Car,1
745,0,Single,0,1,Burn,1
746,0,Single,1,1,Burn,1
747,0,Single,1,1,Burn,0
748,0,Single,1,1,Burn,1
749,0,Single,0,1,Car,1
750,0,Single,1,1,Car,0
751,0,Single,1,1,Car,1
752,1,Single,1,1,Car,1
753,0,Single,1,1,Dump,1
754,0,Single,1,1,Car,0
755,0,Single,0,1,Car,0
756,1,Single,1,1,Car,0
757,1,Single,1,1,Burn,1
758,0,Single,1,Unknown,Dump,1
759,0,Poles,1,Unknown,Dump,1
760,0,Poles,0,1,Burn,0
761,1,Single,1,1,Burn,1
762,0,Poles,0,1,Burn,0
763,1,Single,1,1,Burn,1
764,0,Poles,0,1,Burn,0
765,0,Poles,0,1,Burn,1
766,1,Poles,1,1,Burn,1
767,0,Single,1,1,Burn,1
768,0,Single,1,1,Car,0
769,0,Poles,1,1,Burn,1
770,0,Single,1,1,Car,1
771,0,Single,0,1,Car,0
772,0,Poles,1,1,Car,1
773,0,Single,1,1,Burn,0
774,0,Single,1,1,Burn,1
775,0,Single,1,Unknown,Car,0
776,1,Single,1,1,Burn,0
777,1,Single,1,1,Car,1
778,1,Single,1,1,Car,0
779,0,Single,1,1,Car,0
780,1,Single,1,1,Burn,1
781,1,Townhouse,1,1,Car,0
782,1,Townhouse,1,1,Dump,0
783,0,Single,1,1,Burn,1
784,0,Poles,0,1,Car,1
785,0,Poles,1,1,Car,0
786,0,Single,1,1,Car,0
787,0,Poles,0,1,Car,1
788,0,Single,1,1,Car,1
789,0,Poles,0,1,Car,1
790,0,Poles,1,1,Car,0
791,0,Single,1,1,Car,0
792,0,Poles,0,1,Car,1
793,0,Single,1,1,Car,0
794,0,Single,1,1,Burn,1
795,1,Poles,1,1,Car,0
796,0,Single,0,1,Car,1
797,1,Single,1,1,Car,0
798,0,Single,1,1,Burn,0
799,0,Townhouse,1,1,Car,0
800,0,Single,1,1,Car,0
801,0,Single,1,Unknown,Burn,0
802,0,Single,1,1,Car,0
803,0,Poles,0,1,Car,2
804,1,Single,1,1,Car,1
805,0,Poles,0,0,Burn,1
806,0,Single,1,1,Burn,0
807,0,Single,1,1,Car,0
808,0,Single,1,1,Burn,2
809,0,Single,1,1,Burn,0
810,1,Townhouse,1,1,Car,0
811,0,Poles,0,1,Car,0
812,0,Single,1,1,Car,1
813,1,Single,1,1,Burn,1
814,0,Single,0,1,Car,0
815,0,Single,1,1,Burn,1
816,1,Single,1,1,Burn,0
817,0,Single,1,1,Burn,0
818,0,Single,1,Unknown,Burn,1
819,0,Poles,0,1,Burn,1
820,0,Poles,1,1,Burn,1
821,0,Poles,0,1,Burn,1
822,0,Single,1,1,Burn,0
823,0,Single,1,1,Dump,0
824,0,Single,1,1,Car,0
825,0,Poles,0,1,Burn,1
826,0,Single,1,1,Burn,0
827,0,Poles,0,1,Dump,1
828,0,Single,1,1,Burn,0
829,0,Single,0,1,Burn,0
830,1,Poles,1,1,Burn,2
831,1,Single,1,1,Burn,0
832,0,Single,1,1,Burn,0
833,1,Single,1,1,Burn,0
834,0,Single,1,1,Car,0
835,0,Single,1,1,Burn,0
836,0,Single,1,1,Burn,2
837,0,Single,1,1,Car,1
838,0,Single,1,1,Burn,1
839,0,Single,1,1,Dump,0
840,0,Poles,1,1,Car,1
841,0,Single,1,1,Car,0
842,0,Single,1,1,Burn,0
843,0,Single,1,1,Car,0
844,1,Single,1,1,Car,1
845,0,Single,1,1,Car,0
846,1,Single,1,1,Car,0
847,0,Single,1,1,Car,1
848,0,Single,1,1,Car,0
849,0,Single,0,1,Car,1
850,1,Single,1,1,Car,0
851,0,Single,1,1,Car,0
852,0,Single,1,1,Burn,0
853,0,Single,0,1,Burn,1
854,0,Single,1,1,Car,0
855,0,Single,0,1,Burn,0
856,0,Single,0,1,Car,1
857,1,Single,1,1,Car,0
858,0,Townhouse,1,1,Car,0
859,0,Single,1,1,Burn,2
860,1,Single,1,Unknown,Burn,1
861,0,Single,1,1,Car,0
862,0,Poles,1,1,Burn,0
863,0,Poles,0,1,Car,1
864,0,Single,1,1,Dump,0
865,1,Townhouse,1,1,Car,0
866,1,Single,1,1,Car,0
867,0,Single,1,1,Car,0
868,0,Single,1,1,Car,1
869,0,Townhouse,1,1,Car,0
870,0,Poles,0,1,Car,0
871,0,Townhouse,1,1,Car,0
872,0,Single,1,1,Car,1
873,0,Poles,0,1,Burn,1
874,0,Single,1,1,Burn,0
875,0,Poles,0,1,Burn,1
876,0,Single,1,1,Car,0
877,0,Single,0,Unknown,Burn,1
878,0,Single,0,1,Burn,2
879,0,Single,1,1,Car,0
880,1,Single,1,1,Car,0
881,0,Single,0,Unknown,Burn,0
882,0,Single,1,1,Car,0
883,0,Poles,1,1,Burn,0
884,0,Single,1,1,Dump,0
885,1,Single,1,1,Dump,0
886,1,Single,1,1,Car,0
887,1,Single,1,1,Burn,0
888,0,Single,1,1,Car,0
889,0,Single,1,1,Car,2
890,1,Single,1,1,Car,0
891,0,Single,1,1,Burn,1
892,0,Single,1,Unknown,Burn,1
893,0,Single,0,1,Burn,0
894,0,Single,1,1,Car,0
895,1,Single,1,1,Car,1
896,1,Single,1,1,Car,0
897,0,Single,1,1,Car,0
898,0,Single,1,1,Burn,0
899,0,Single,1,Unknown,Burn,0
900,0,Poles,1,1,Burn,0
901,0,Single,0,1,Burn,1
902,0,Single,1,1,Burn,2
903,1,Single,1,1,Burn,0
904,0,Single,0,1,Burn,1
905,0,Single,0,1,Burn,0
906,0,Single,1,1,Burn,0
907,0,Single,1,1,Car,0
908,0,Single,0,1,Burn,1
909,0,Single,1,Unknown,Burn,0
910,0,Single,1,1,Burn,0
911,0,Poles,0,1,Burn,0
912,0,Single,0,1,Burn,0
913,0,Single,0,1,Car,1
914,1,Single,1,1,Dump,0
915,0,Single,1,Unknown,Car,0
916,0,Townhouse,1,1,Car,0
917,0,Single,1,1,Burn,0
918,0,Single,1,1,Burn,1
919,0,Single,0,1,Car,0
920,0,Single,1,1,Car,0
921,0,Single,1,1,Burn,1
922,0,Poles,0,1,Burn,0
923,0,Single,1,1,Car,0
924,0,Poles,0,1,Car,1
925,0,Single,1,1,Car,0
926,1,Single,1,1,Car,0
927,0,Single,0,1,Burn,0
928,0,Townhouse,1,1,Car,1
929,1,Single,1,1,Car,0
930,0,Single,1,1,Dump,0
931,1,Poles,1,1,Car,1
932,0,Single,1,1,Car,0
933,0,Single,0,1,Dump,1
934,0,Poles,0,1,Burn,2
935,0,Single,1,1,Burn,0
936,0,Single,1,1,Burn,1
937,0,Single,1,1,Burn,0
938,0,Poles,1,1,Car,0
939,0,Single,0,1,Burn,0
940,0,Single,1,1,Burn,0
941,0,Single,0,1,Car,1
942,0,Single,1,1,Dump,0
943,0,Single,1,1,Burn,2
944,0,Single,1,1,Car,1
945,1,Single,1,1,Car,2
946,0,Poles,1,Unknown,Car,0
947,0,Single,1,Unknown,Burn,0
948,0,Single,1,1,Car,0
949,0,Single,0,Unknown,Dump,0
950,1,Single,1,1,Car,0
951,0,Poles,0,1,Burn,1
952,0,Single,1,1,Burn,1
